[
	{
		"model": "project.project",
		"pk": 1,
		"fields": {
			"title": "xyz",
			"abstract": "sakdnaknkjndsj",
			"team_size": 4,
			"technology_stack": "naskn\r\ndnkandk\r\ndnask",
			"start_date": "2011-05-01",
			"end_date": "2019-05-31",
			"git_hub_link": "http://www.cs.com",
			"team_lead": 4
		}
	},
	{
		"model": "project.project",
		"pk": 2,
		"fields": {
			"title": "asklda",
			"abstract": "lsdnfsldfndslnvlnl",
			"team_size": 0,
			"technology_stack": "dsnlkvnskl",
			"start_date": "2019-05-24",
			"end_date": "2019-05-13",
			"git_hub_link": "https://www.csc.com",
			"team_lead": 4
		}
	},
	{
		"model": "project.project",
		"pk": 3,
		"fields": {
			"title": "adkal",
			"abstract": "djakdjlk",
			"team_size": 2,
			"technology_stack": "fsdjklvjkndcnncnvlvnv \r\nasdjf;\r\nasdfnk",
			"start_date": "2019-05-16",
			"end_date": "2019-05-18",
			"git_hub_link": "https://asdas.com",
			"team_lead": 4
		}
	},
	{
		"model": "project.project",
		"pk": 5,
		"fields": {
			"title": "Project_Audit",
			"abstract": "askdhj",
			"team_size": 2,
			"technology_stack": "nnkjnjk",
			"start_date": "2019-05-10",
			"end_date": "2019-05-10",
			"git_hub_link": "http://www.cs.com",
			"team_lead": 16
		}
	},
	{
		"model": "project.project",
		"pk": 6,
		"fields": {
			"title": "Hi",
			"abstract": "Hi",
			"team_size": 5,
			"technology_stack": "asdh",
			"start_date": "2019-05-10",
			"end_date": "2019-05-10",
			"git_hub_link": "http://www.cs.com",
			"team_lead": 16
		}
	},
	{
		"model": "audit.process_checklist",
		"pk": 3,
		"fields": {
			"checklist_title": "Code Review",
			"description": "Checks whether the code is optimized, standard and error free.",
			"weightage": 40,
			"group": "General"
		}
	},
	{
		"model": "audit.process_checklist",
		"pk": 4,
		"fields": {
			"checklist_title": "Test Review",
			"description": "slsmvlcmmdvn",
			"weightage": 50,
			"group": "General"
		}
	},
	{
		"model": "audit.process_checklist",
		"pk": 6,
		"fields": {
			"checklist_title": "Is the quality of code good?",
			"description": "The quality of code would be gauged by the auditor and a rating between 1 - 10 would be provided by the auditor.",
			"weightage": 10,
			"group": "Code Quality"
		}
	},
	{
		"model": "audit.process_checklist",
		"pk": 7,
		"fields": {
			"checklist_title": "Is the code reviewed regularly",
			"description": "Look for code review comments in GitHub for each pull request and check if the code review is done regularly and the team is making changes to the code as per the comments.",
			"weightage": 10,
			"group": "Code Quality"
		}
	},
	{
		"model": "audit.process_checklist",
		"pk": 8,
		"fields": {
			"checklist_title": "Git Management",
			"description": "Check if the Git Management processes are followed consistently. This would include, branching, pull requests and more.",
			"weightage": 10,
			"group": "Processes"
		}
	},
	{
		"model": "audit.process_checklist",
		"pk": 9,
		"fields": {
			"checklist_title": "Client Communication",
			"description": "If there were any calls with the client, was the MOM sent and did we receive a confirmation from the client about the points covered in the MOM?",
			"weightage": 10,
			"group": "Processes"
		}
	},
	{
		"model": "audit.process_checklist",
		"pk": 10,
		"fields": {
			"checklist_title": "Weekly Plan",
			"description": "Does the client know exactly what to expect at the end of the 2 weeks? If there were any changes in the requirements which would affect the plan, was the client informed? Do we have an email approval from the client about the changes in the estimates and thus the timeline?",
			"weightage": 10,
			"group": "Processes"
		}
	},
	{
		"model": "audit.process_checklist",
		"pk": 11,
		"fields": {
			"checklist_title": "Timesheet",
			"description": "Are the time sheets of each team member updated?",
			"weightage": 10,
			"group": "Processes"
		}
	},
	{
		"model": "audit.process_checklist",
		"pk": 12,
		"fields": {
			"checklist_title": "Project Timeline",
			"description": "Is the project on time?",
			"weightage": 10,
			"group": "Processes"
		}
	},
	{
		"model": "audit.process_checklist",
		"pk": 13,
		"fields": {
			"checklist_title": "Use Case Document",
			"description": "Is there a use case document for the project? Is it updated as per the latest communication with the client and the change in requirements?",
			"weightage": 10,
			"group": "Quality Assurance"
		}
	},
	{
		"model": "audit.process_checklist",
		"pk": 14,
		"fields": {
			"checklist_title": "Automation",
			"description": "Is automation needed if this is a mid size project? Do we have core use cases automated?",
			"weightage": 7,
			"group": "Quality Assurance"
		}
	},
	{
		"model": "audit.process_checklist",
		"pk": 15,
		"fields": {
			"checklist_title": "Release notes / Reports",
			"description": "Do we prepare release notes or reports on each release for diff. Testing rounds performed for the team/client?",
			"weightage": 10,
			"group": "Quality Assurance"
		}
	},
	{
		"model": "audit.audits",
		"pk": 1,
		"fields": {
			"project": 2,
			"audit_title": "Report_1",
			"date": "2019-05-09",
			"status": "Red",
			"average_rating": 0,
			"general_comment": "qwerTY"
		}
	},
	{
		"model": "audit.audits",
		"pk": 2,
		"fields": {
			"project": 1,
			"audit_title": "Report_1",
			"date": "2019-05-09",
			"status": "Orange",
			"average_rating": 3,
			"general_comment": "No comments"
		}
	},
	{
		"model": "audit.audits",
		"pk": 3,
		"fields": {
			"project": 1,
			"audit_title": "Report_2",
			"date": "2019-05-09",
			"status": "Orange",
			"average_rating": 1,
			"general_comment": "No comments"
		}
	},
	{
		"model": "audit.audits",
		"pk": 4,
		"fields": {
			"project": 1,
			"audit_title": "Report_2",
			"date": "2019-05-10",
			"status": "Blue",
			"average_rating": 3,
			"general_comment": "asfajksdhkja"
		}
	},
	{
		"model": "audit.audits",
		"pk": 10,
		"fields": {
			"project": 5,
			"audit_title": "Report_1",
			"date": "2019-05-10",
			"status": "Red",
			"average_rating": 3,
			"general_comment": "dfskfljslk"
		}
	},
	{
		"model": "audit.audits",
		"pk": 11,
		"fields": {
			"project": 5,
			"audit_title": "Report_2",
			"date": "2019-05-10",
			"status": "Blue",
			"average_rating": 1,
			"general_comment": "kjhkh"
		}
	},
	{
		"model": "audit.audits",
		"pk": 12,
		"fields": {
			"project": 5,
			"audit_title": "Report_3",
			"date": "2019-05-10",
			"status": "Orange",
			"average_rating": 1,
			"general_comment": "Hi"
		}
	},
	{
		"model": "audit.audits",
		"pk": 13,
		"fields": {
			"project": 5,
			"audit_title": "HI",
			"date": "2019-10-05",
			"status": "Green",
			"average_rating": 6,
			"general_comment": "Hi this change in the report"
		}
	},
	{
		"model": "audit.audits",
		"pk": 14,
		"fields": {
			"project": 5,
			"audit_title": "Report_4",
			"date": "2019-10-05",
			"status": "Blue",
			"average_rating": 1,
			"general_comment": "                            Hello this is report 4"
		}
	},
	{
		"model": "audit.audits",
		"pk": 15,
		"fields": {
			"project": 1,
			"audit_title": "Report_1",
			"date": "2019-05-24",
			"status": "Orange",
			"average_rating": 5,
			"general_comment": "asd"
		}
	},
	{
		"model": "audit.audits",
		"pk": 16,
		"fields": {
			"project": 1,
			"audit_title": "Report_2",
			"date": "2019-05-24",
			"status": "Red",
			"average_rating": 4,
			"general_comment": "HI"
		}
	},
	{
		"model": "audit.audit_items",
		"pk": 1,
		"fields": {
			"checklist": 3,
			"comment": "Good",
			"rating": 6,
			"audit": 1,
			"date": "2019-05-09"
		}
	},
	{
		"model": "audit.audit_items",
		"pk": 2,
		"fields": {
			"checklist": 4,
			"comment": "Average",
			"rating": 4,
			"audit": 1,
			"date": "2019-05-09"
		}
	},
	{
		"model": "audit.audit_items",
		"pk": 3,
		"fields": {
			"checklist": 3,
			"comment": "Bad",
			"rating": 1,
			"audit": 2,
			"date": "2019-05-09"
		}
	},
	{
		"model": "audit.audit_items",
		"pk": 4,
		"fields": {
			"checklist": 4,
			"comment": "Nice",
			"rating": 2,
			"audit": 2,
			"date": "2019-05-09"
		}
	},
	{
		"model": "audit.audit_items",
		"pk": 5,
		"fields": {
			"checklist": 3,
			"comment": "Bad",
			"rating": 1,
			"audit": 3,
			"date": "2019-05-09"
		}
	},
	{
		"model": "audit.audit_items",
		"pk": 6,
		"fields": {
			"checklist": 4,
			"comment": "Nice",
			"rating": 2,
			"audit": 3,
			"date": "2019-05-09"
		}
	},
	{
		"model": "audit.audit_items",
		"pk": 7,
		"fields": {
			"checklist": 3,
			"comment": "slkjflkaj",
			"rating": 3,
			"audit": 4,
			"date": "2019-05-10"
		}
	},
	{
		"model": "audit.audit_items",
		"pk": 8,
		"fields": {
			"checklist": 4,
			"comment": "lkkfnkldsn",
			"rating": 4,
			"audit": 4,
			"date": "2019-05-10"
		}
	},
	{
		"model": "audit.audit_items",
		"pk": 24,
		"fields": {
			"checklist": 3,
			"comment": "akdlj",
			"rating": 2,
			"audit": 10,
			"date": "2019-05-10"
		}
	},
	{
		"model": "audit.audit_items",
		"pk": 25,
		"fields": {
			"checklist": 4,
			"comment": "aksdl",
			"rating": 4,
			"audit": 10,
			"date": "2019-05-10"
		}
	},
	{
		"model": "audit.audit_items",
		"pk": 26,
		"fields": {
			"checklist": 6,
			"comment": "asdjlkjk",
			"rating": 5,
			"audit": 10,
			"date": "2019-05-10"
		}
	},
	{
		"model": "audit.audit_items",
		"pk": 27,
		"fields": {
			"checklist": 3,
			"comment": "hfgf",
			"rating": 1,
			"audit": 11,
			"date": "2019-05-10"
		}
	},
	{
		"model": "audit.audit_items",
		"pk": 28,
		"fields": {
			"checklist": 4,
			"comment": "fs",
			"rating": 1,
			"audit": 11,
			"date": "2019-05-10"
		}
	},
	{
		"model": "audit.audit_items",
		"pk": 29,
		"fields": {
			"checklist": 6,
			"comment": "fs",
			"rating": 1,
			"audit": 11,
			"date": "2019-05-10"
		}
	},
	{
		"model": "audit.audit_items",
		"pk": 30,
		"fields": {
			"checklist": 3,
			"comment": "hiahdkashdahakdhaskdhakdhjdahkdashdkajsdhakh jhkadhajkdhaksdhakjhdakhdakdhakdhakjdhajdakd",
			"rating": 1,
			"audit": 12,
			"date": "2019-05-10"
		}
	},
	{
		"model": "audit.audit_items",
		"pk": 31,
		"fields": {
			"checklist": 4,
			"comment": "",
			"rating": 1,
			"audit": 12,
			"date": "2019-05-10"
		}
	},
	{
		"model": "audit.audit_items",
		"pk": 32,
		"fields": {
			"checklist": 6,
			"comment": "",
			"rating": 1,
			"audit": 12,
			"date": "2019-05-10"
		}
	},
	{
		"model": "audit.audit_items",
		"pk": 33,
		"fields": {
			"checklist": 7,
			"comment": "",
			"rating": 1,
			"audit": 12,
			"date": "2019-05-10"
		}
	},
	{
		"model": "audit.audit_items",
		"pk": 34,
		"fields": {
			"checklist": 8,
			"comment": "",
			"rating": 1,
			"audit": 12,
			"date": "2019-05-10"
		}
	},
	{
		"model": "audit.audit_items",
		"pk": 35,
		"fields": {
			"checklist": 9,
			"comment": "",
			"rating": 1,
			"audit": 12,
			"date": "2019-05-10"
		}
	},
	{
		"model": "audit.audit_items",
		"pk": 36,
		"fields": {
			"checklist": 10,
			"comment": "",
			"rating": 1,
			"audit": 12,
			"date": "2019-05-10"
		}
	},
	{
		"model": "audit.audit_items",
		"pk": 37,
		"fields": {
			"checklist": 11,
			"comment": "",
			"rating": 1,
			"audit": 12,
			"date": "2019-05-10"
		}
	},
	{
		"model": "audit.audit_items",
		"pk": 38,
		"fields": {
			"checklist": 12,
			"comment": "",
			"rating": 1,
			"audit": 12,
			"date": "2019-05-10"
		}
	},
	{
		"model": "audit.audit_items",
		"pk": 39,
		"fields": {
			"checklist": 13,
			"comment": "",
			"rating": 1,
			"audit": 12,
			"date": "2019-05-10"
		}
	},
	{
		"model": "audit.audit_items",
		"pk": 40,
		"fields": {
			"checklist": 14,
			"comment": "",
			"rating": 1,
			"audit": 12,
			"date": "2019-05-10"
		}
	},
	{
		"model": "audit.audit_items",
		"pk": 41,
		"fields": {
			"checklist": 15,
			"comment": "",
			"rating": 1,
			"audit": 12,
			"date": "2019-05-10"
		}
	},
	{
		"model": "audit.audit_items",
		"pk": 42,
		"fields": {
			"checklist": 3,
			"comment": "I found some error. Improvement needed",
			"rating": 4,
			"audit": 13,
			"date": "2019-05-20"
		}
	},
	{
		"model": "audit.audit_items",
		"pk": 43,
		"fields": {
			"checklist": 4,
			"comment": "Working properly",
			"rating": 7,
			"audit": 13,
			"date": "2019-05-20"
		}
	},
	{
		"model": "audit.audit_items",
		"pk": 44,
		"fields": {
			"checklist": 6,
			"comment": "Good QUality",
			"rating": 8,
			"audit": 13,
			"date": "2019-05-20"
		}
	},
	{
		"model": "audit.audit_items",
		"pk": 45,
		"fields": {
			"checklist": 7,
			"comment": "Yes at weekly basis",
			"rating": 8,
			"audit": 13,
			"date": "2019-05-20"
		}
	},
	{
		"model": "audit.audit_items",
		"pk": 46,
		"fields": {
			"checklist": 8,
			"comment": "GIT manaement neet to be improved nnot well organized",
			"rating": 6,
			"audit": 13,
			"date": "2019-05-20"
		}
	},
	{
		"model": "audit.audit_items",
		"pk": 47,
		"fields": {
			"checklist": 9,
			"comment": "Client communication is proper as expected",
			"rating": 7,
			"audit": 13,
			"date": "2019-05-20"
		}
	},
	{
		"model": "audit.audit_items",
		"pk": 48,
		"fields": {
			"checklist": 10,
			"comment": "Proper",
			"rating": 6,
			"audit": 13,
			"date": "2019-05-20"
		}
	},
	{
		"model": "audit.audit_items",
		"pk": 49,
		"fields": {
			"checklist": 11,
			"comment": "Time sheet management is done well",
			"rating": 7,
			"audit": 13,
			"date": "2019-05-20"
		}
	},
	{
		"model": "audit.audit_items",
		"pk": 50,
		"fields": {
			"checklist": 12,
			"comment": "Project timeline is achieved",
			"rating": 8,
			"audit": 13,
			"date": "2019-05-20"
		}
	},
	{
		"model": "audit.audit_items",
		"pk": 51,
		"fields": {
			"checklist": 13,
			"comment": "Documents need to be improved",
			"rating": 5,
			"audit": 13,
			"date": "2019-05-20"
		}
	},
	{
		"model": "audit.audit_items",
		"pk": 52,
		"fields": {
			"checklist": 14,
			"comment": "Not really required ",
			"rating": 6,
			"audit": 13,
			"date": "2019-05-20"
		}
	},
	{
		"model": "audit.audit_items",
		"pk": 53,
		"fields": {
			"checklist": 15,
			"comment": "Release",
			"rating": 6,
			"audit": 13,
			"date": "2019-05-20"
		}
	},
	{
		"model": "audit.audit_items",
		"pk": 54,
		"fields": {
			"checklist": 3,
			"comment": "ahdakjdhjh",
			"rating": 1,
			"audit": 14,
			"date": "2019-05-20"
		}
	},
	{
		"model": "audit.audit_items",
		"pk": 55,
		"fields": {
			"checklist": 4,
			"comment": "h",
			"rating": 1,
			"audit": 14,
			"date": "2019-05-20"
		}
	},
	{
		"model": "audit.audit_items",
		"pk": 56,
		"fields": {
			"checklist": 6,
			"comment": "h",
			"rating": 1,
			"audit": 14,
			"date": "2019-05-20"
		}
	},
	{
		"model": "audit.audit_items",
		"pk": 57,
		"fields": {
			"checklist": 7,
			"comment": "j",
			"rating": 1,
			"audit": 14,
			"date": "2019-05-20"
		}
	},
	{
		"model": "audit.audit_items",
		"pk": 58,
		"fields": {
			"checklist": 8,
			"comment": "j",
			"rating": 1,
			"audit": 14,
			"date": "2019-05-20"
		}
	},
	{
		"model": "audit.audit_items",
		"pk": 59,
		"fields": {
			"checklist": 9,
			"comment": "j",
			"rating": 1,
			"audit": 14,
			"date": "2019-05-20"
		}
	},
	{
		"model": "audit.audit_items",
		"pk": 60,
		"fields": {
			"checklist": 10,
			"comment": "j",
			"rating": 1,
			"audit": 14,
			"date": "2019-05-20"
		}
	},
	{
		"model": "audit.audit_items",
		"pk": 61,
		"fields": {
			"checklist": 11,
			"comment": "h",
			"rating": 1,
			"audit": 14,
			"date": "2019-05-20"
		}
	},
	{
		"model": "audit.audit_items",
		"pk": 62,
		"fields": {
			"checklist": 12,
			"comment": "u",
			"rating": 1,
			"audit": 14,
			"date": "2019-05-20"
		}
	},
	{
		"model": "audit.audit_items",
		"pk": 63,
		"fields": {
			"checklist": 13,
			"comment": "u",
			"rating": 1,
			"audit": 14,
			"date": "2019-05-20"
		}
	},
	{
		"model": "audit.audit_items",
		"pk": 64,
		"fields": {
			"checklist": 14,
			"comment": "u",
			"rating": 1,
			"audit": 14,
			"date": "2019-05-20"
		}
	},
	{
		"model": "audit.audit_items",
		"pk": 65,
		"fields": {
			"checklist": 15,
			"comment": "u",
			"rating": 1,
			"audit": 14,
			"date": "2019-05-20"
		}
	},
	{
		"model": "audit.audit_items",
		"pk": 66,
		"fields": {
			"checklist": 3,
			"comment": "h",
			"rating": 5,
			"audit": 15,
			"date": "2019-05-24"
		}
	},
	{
		"model": "audit.audit_items",
		"pk": 67,
		"fields": {
			"checklist": 4,
			"comment": "H",
			"rating": 5,
			"audit": 15,
			"date": "2019-05-24"
		}
	},
	{
		"model": "audit.audit_items",
		"pk": 68,
		"fields": {
			"checklist": 6,
			"comment": "g",
			"rating": 5,
			"audit": 15,
			"date": "2019-05-24"
		}
	},
	{
		"model": "audit.audit_items",
		"pk": 69,
		"fields": {
			"checklist": 7,
			"comment": "g",
			"rating": 5,
			"audit": 15,
			"date": "2019-05-24"
		}
	},
	{
		"model": "audit.audit_items",
		"pk": 70,
		"fields": {
			"checklist": 8,
			"comment": "g",
			"rating": 5,
			"audit": 15,
			"date": "2019-05-24"
		}
	},
	{
		"model": "audit.audit_items",
		"pk": 71,
		"fields": {
			"checklist": 9,
			"comment": "t",
			"rating": 5,
			"audit": 15,
			"date": "2019-05-24"
		}
	},
	{
		"model": "audit.audit_items",
		"pk": 72,
		"fields": {
			"checklist": 10,
			"comment": "4",
			"rating": 5,
			"audit": 15,
			"date": "2019-05-24"
		}
	},
	{
		"model": "audit.audit_items",
		"pk": 73,
		"fields": {
			"checklist": 11,
			"comment": "4",
			"rating": 5,
			"audit": 15,
			"date": "2019-05-24"
		}
	},
	{
		"model": "audit.audit_items",
		"pk": 74,
		"fields": {
			"checklist": 12,
			"comment": "4",
			"rating": 5,
			"audit": 15,
			"date": "2019-05-24"
		}
	},
	{
		"model": "audit.audit_items",
		"pk": 75,
		"fields": {
			"checklist": 13,
			"comment": "4\r\n",
			"rating": 5,
			"audit": 15,
			"date": "2019-05-24"
		}
	},
	{
		"model": "audit.audit_items",
		"pk": 76,
		"fields": {
			"checklist": 14,
			"comment": "4",
			"rating": 0,
			"audit": 15,
			"date": "2019-05-24"
		}
	},
	{
		"model": "audit.audit_items",
		"pk": 77,
		"fields": {
			"checklist": 15,
			"comment": "4",
			"rating": 5,
			"audit": 15,
			"date": "2019-05-24"
		}
	},
	{
		"model": "audit.audit_items",
		"pk": 78,
		"fields": {
			"checklist": 3,
			"comment": "g",
			"rating": 4,
			"audit": 16,
			"date": "2019-05-24"
		}
	},
	{
		"model": "audit.audit_items",
		"pk": 79,
		"fields": {
			"checklist": 4,
			"comment": "t",
			"rating": 0,
			"audit": 16,
			"date": "2019-05-24"
		}
	},
	{
		"model": "audit.audit_items",
		"pk": 80,
		"fields": {
			"checklist": 6,
			"comment": "t",
			"rating": 4,
			"audit": 16,
			"date": "2019-05-24"
		}
	},
	{
		"model": "audit.audit_items",
		"pk": 81,
		"fields": {
			"checklist": 7,
			"comment": "t",
			"rating": 4,
			"audit": 16,
			"date": "2019-05-24"
		}
	},
	{
		"model": "audit.audit_items",
		"pk": 82,
		"fields": {
			"checklist": 8,
			"comment": "4",
			"rating": 4,
			"audit": 16,
			"date": "2019-05-24"
		}
	},
	{
		"model": "audit.audit_items",
		"pk": 83,
		"fields": {
			"checklist": 9,
			"comment": "4",
			"rating": 4,
			"audit": 16,
			"date": "2019-05-24"
		}
	},
	{
		"model": "audit.audit_items",
		"pk": 84,
		"fields": {
			"checklist": 10,
			"comment": "4",
			"rating": 4,
			"audit": 16,
			"date": "2019-05-24"
		}
	},
	{
		"model": "audit.audit_items",
		"pk": 85,
		"fields": {
			"checklist": 11,
			"comment": "r",
			"rating": 4,
			"audit": 16,
			"date": "2019-05-24"
		}
	},
	{
		"model": "audit.audit_items",
		"pk": 86,
		"fields": {
			"checklist": 12,
			"comment": "4",
			"rating": 5,
			"audit": 16,
			"date": "2019-05-24"
		}
	},
	{
		"model": "audit.audit_items",
		"pk": 87,
		"fields": {
			"checklist": 13,
			"comment": "4",
			"rating": 4,
			"audit": 16,
			"date": "2019-05-24"
		}
	},
	{
		"model": "audit.audit_items",
		"pk": 88,
		"fields": {
			"checklist": 14,
			"comment": "4",
			"rating": 4,
			"audit": 16,
			"date": "2019-05-24"
		}
	},
	{
		"model": "audit.audit_items",
		"pk": 89,
		"fields": {
			"checklist": 15,
			"comment": "4",
			"rating": 4,
			"audit": 16,
			"date": "2019-05-24"
		}
	},
	{
		"model": "project.project",
		"pk": 1,
		"fields": {
			"title": "xyz",
			"abstract": "sakdnaknkjndsj",
			"team_size": 4,
			"technology_stack": "naskn\r\ndnkandk\r\ndnask",
			"start_date": "2011-05-01",
			"end_date": "2019-05-31",
			"git_hub_link": "http://www.cs.com",
			"team_lead": 4
		}
	},
	{
		"model": "project.project",
		"pk": 2,
		"fields": {
			"title": "asklda",
			"abstract": "lsdnfsldfndslnvlnl",
			"team_size": 0,
			"technology_stack": "dsnlkvnskl",
			"start_date": "2019-05-24",
			"end_date": "2019-05-13",
			"git_hub_link": "https://www.csc.com",
			"team_lead": 4
		}
	},
	{
		"model": "project.project",
		"pk": 3,
		"fields": {
			"title": "adkal",
			"abstract": "djakdjlk",
			"team_size": 2,
			"technology_stack": "fsdjklvjkndcnncnvlvnv \r\nasdjf;\r\nasdfnk",
			"start_date": "2019-05-16",
			"end_date": "2019-05-18",
			"git_hub_link": "https://asdas.com",
			"team_lead": 4
		}
	},
	{
		"model": "project.project",
		"pk": 5,
		"fields": {
			"title": "Project_Audit",
			"abstract": "askdhj",
			"team_size": 2,
			"technology_stack": "nnkjnjk",
			"start_date": "2019-05-10",
			"end_date": "2019-05-10",
			"git_hub_link": "http://www.cs.com",
			"team_lead": 16
		}
	},
	{
		"model": "project.project",
		"pk": 6,
		"fields": {
			"title": "Hi",
			"abstract": "Hi",
			"team_size": 5,
			"technology_stack": "asdh",
			"start_date": "2019-05-10",
			"end_date": "2019-05-10",
			"git_hub_link": "http://www.cs.com",
			"team_lead": 16
		}
	},
	{
		"model": "user.customuser",
		"pk": 3,
		"fields": {
			"password": "pbkdf2_sha256$150000$eNCSSbxIyHPh$LvJ0ymC/gwBGIpXhez3hwPqVnnXPOXmkGEYPvn7rIAY=",
			"last_login": "2019-05-27T06:58:57.788Z",
			"is_superuser": true,
			"username": "Binoy",
			"first_name": "Binoy",
			"last_name": "Oza",
			"email": "binoyoza.bo@gmail.com",
			"is_staff": true,
			"is_active": true,
			"date_joined": "2019-05-06T09:17:14.307Z",
			"year_of_exp": 0,
			"designation": "Admin",
			"technology": "Python",
			"phone": "7600411922",
			"groups": [],
			"user_permissions": []
		}
	},
	{
		"model": "user.customuser",
		"pk": 4,
		"fields": {
			"password": "meet",
			"last_login": null,
			"is_superuser": false,
			"username": "meet",
			"first_name": "Meet",
			"last_name": "Parikh",
			"email": "meet@abc.com",
			"is_staff": false,
			"is_active": true,
			"date_joined": "2019-05-06T10:40:19.434Z",
			"year_of_exp": 0,
			"designation": "Tech Lead",
			"technology": ".Net",
			"phone": "1234567890",
			"groups": [],
			"user_permissions": []
		}
	},
	{
		"model": "user.customuser",
		"pk": 6,
		"fields": {
			"password": "",
			"last_login": null,
			"is_superuser": false,
			"username": "qwerty",
			"first_name": "Abc",
			"last_name": "qwe",
			"email": "asd@gmail.com",
			"is_staff": false,
			"is_active": true,
			"date_joined": "2019-05-06T11:07:06.236Z",
			"year_of_exp": 0,
			"designation": "Tech Lead",
			"technology": "qwe",
			"phone": "5555555555",
			"groups": [],
			"user_permissions": []
		}
	},
	{
		"model": "user.customuser",
		"pk": 7,
		"fields": {
			"password": "pbkdf2_sha256$150000$MQPzuSoz3Hz4$UB0rbtxONPFf2msxjNh2WDO84XVgddbuSrRMFpCd/x0=",
			"last_login": "2019-05-06T11:27:37.278Z",
			"is_superuser": false,
			"username": "zxc",
			"first_name": "zxc",
			"last_name": "zxc",
			"email": "zxc@asd.com",
			"is_staff": false,
			"is_active": true,
			"date_joined": "2019-05-06T11:26:43.386Z",
			"year_of_exp": 0,
			"designation": "Tech Lead",
			"technology": "qwwe",
			"phone": "9898999898",
			"groups": [],
			"user_permissions": []
		}
	},
	{
		"model": "user.customuser",
		"pk": 16,
		"fields": {
			"password": "pbkdf2_sha256$150000$gZtDWX8gvl6C$Sa8Apr94tUTARk8Eunjw6VouMJmELvQaH7XocVLO3UI=",
			"last_login": null,
			"is_superuser": false,
			"username": "Anuj",
			"first_name": "ANuj",
			"last_name": "SHarma",
			"email": "binoyoza.bo@gmail.com",
			"is_staff": false,
			"is_active": true,
			"date_joined": "2019-05-10T08:45:39.573Z",
			"year_of_exp": 1,
			"designation": "Tech Lead",
			"technology": "Python",
			"phone": "7600411922",
			"groups": [],
			"user_permissions": []
		}
	},
	{
		"model": "user.customuser",
		"pk": 17,
		"fields": {
			"password": "pbkdf2_sha256$150000$dA7j5ueiwDVm$DT6HQQTDpJUAjFU4iGcTm6pLkkYzCmpr7aTDARjGKw4=",
			"last_login": null,
			"is_superuser": false,
			"username": "Nipun",
			"first_name": "Nipun",
			"last_name": "Brahmbhatt",
			"email": "nipun@gmail.com",
			"is_staff": false,
			"is_active": true,
			"date_joined": "2019-05-10T10:56:37.387Z",
			"year_of_exp": 5,
			"designation": "Tech Lead",
			"technology": "Python, Android",
			"phone": "1234567890",
			"groups": [],
			"user_permissions": []
		}
	},
	{
		"model": "user.customuser",
		"pk": 20,
		"fields": {
			"password": "pbkdf2_sha256$150000$HjcfYNtCfcrS$hBv8ExCCAHZ8D6HInYE0bLTib6rulXYs1noheJnnBI0=",
			"last_login": null,
			"is_superuser": false,
			"username": "Yogi",
			"first_name": "Yogi",
			"last_name": "Katewa",
			"email": "binoyoza.bo@gmail.com",
			"is_staff": false,
			"is_active": true,
			"date_joined": "2019-05-10T14:02:44.413Z",
			"year_of_exp": 2,
			"designation": "Tech Lead",
			"technology": "Python",
			"phone": "7600411922",
			"groups": [],
			"user_permissions": []
		}
	}
]